{
  "best_metrics": {
    "accuracy": 0.8695652173913043,
    "precision": 0.8611111111111112,
    "recall": 0.9117647058823529,
    "f1_score": 0.8857142857142857
  },
  "all_results": {
    "logistic_regression": {
      "accuracy": 0.842391304347826,
      "precision": 0.8411214953271028,
      "recall": 0.8823529411764706,
      "f1_score": 0.861244019138756
    },
    "random_forest": {
      "accuracy": 0.8695652173913043,
      "precision": 0.8611111111111112,
      "recall": 0.9117647058823529,
      "f1_score": 0.8857142857142857
    },
    "svm": {
      "accuracy": 0.842391304347826,
      "precision": 0.8173913043478261,
      "recall": 0.9215686274509803,
      "f1_score": 0.8663594470046083
    }
  },
  "trainedAt": "2026-03-28T11:49:43.597105+00:00"
}