{
  "best_metrics": {
    "accuracy": 0.7350427350427351,
    "precision": 0.7407407407407407,
    "recall": 0.963855421686747,
    "f1_score": 0.837696335078534
  },
  "all_results": {
    "logistic_regression": {
      "accuracy": 0.7350427350427351,
      "precision": 0.7407407407407407,
      "recall": 0.963855421686747,
      "f1_score": 0.837696335078534
    },
    "random_forest": {
      "accuracy": 0.7350427350427351,
      "precision": 0.7549019607843137,
      "recall": 0.927710843373494,
      "f1_score": 0.8324324324324325
    },
    "svm": {
      "accuracy": 0.7094017094017094,
      "precision": 0.7094017094017094,
      "recall": 1.0,
      "f1_score": 0.83
    }
  },
  "trainedAt": "2026-03-28T11:49:48.677095+00:00"
}